Country,Year,POP,GDP,Wage,Hours,UnionDensity,DispInc,TAX,Tech
AUS,1990,17065128,564091.052,39875.3457023889,1853,41.299999,,22.3441138,1.259876714477
AUS,1991,17284036,566425.15,39685.2596299508,1854,42,,20.6790438,
AUS,1992,17478635,589272.289,40481.9942762401,1846,39.200001,,20.0170953,1.46209830016892
AUS,1993,17634808,612728.117,40854.7038466573,1856,37.700001,,20.1960237,
AUS,1994,17805468,636219.075,41131.5756387698,1874,33.799999,,21.2133038,1.50973214953687
AUS,1995,18004882,660741.63,40973.5289636498,1870,32.900002,,21.9280173,
AUS,1996,18224767,686565.335,42187.475278892,1862,31.200001,,22.4295009,1.58339164870311
AUS,1997,18423037,718243.539,43450.0360242148,1861,30.299999,,22.2711559,
AUS,1998,18607584,753700.887,44066.5199498077,1850,28.1,,22.7925585,1.43809230481455
AUS,1999,18812264,783188.89,45103.5014853406,1856,26,,23.2039143,
AUS,2000,19028802,799152.635,45201.3198979376,1852,24.9,,24.9155045,1.47746452105193
AUS,2001,19274701,831234.83,45693.2368983185,1829,24.6,,23.609452,
AUS,2002,19495210,857088.936,46007.8194769526,1818,23.200001,,24.3561476,1.64947063523772
AUS,2003,19720737,893133.356,46545.9762787039,1807,23.200001,,24.3283986,
AUS,2004,19932722,921359.392,47994.2551304069,1811,22.799999,28482,24.8157464,1.73124480279627
AUS,2005,20176844,946483.881,48614.8923837984,1808,22.5,28737,24.5664778,
AUS,2006,20450966,982152.008,48929.0689909993,1802,20.4,29790,23.9346287,2.0041726755096
AUS,2007,20827622,1017283.731,50279.2482768596,1803,18.799999,30927,24.0780285,
AUS,2008,21249199,1036274.71,50684.7693032932,1799,18.799999,32491,21.8582782,2.24570188351341
AUS,2009,21691653,1058786.09,50225.1928494414,1767,19.6,32219,20.3513496,
AUS,2010,22031750,1084935.42,51957.4061139585,1778,18.4,33523,20.1842835,2.18230410088224
AUS,2011,22340024,1127436.273,53600.6798454773,1774,18.4,34062,20.918025,2.11403053636714
AUS,2012,22733465,1156752.005,53919.3282440152,1771,18.200001,33629,21.764516,
AUS,2013,23128129,1186398.767,53672.2717426346,1766,17,34011,21.7616985,2.09389251374701
AUS,2014,23475686,1212169.777,54085.1342419058,1755,15.1,34470,21.6419909,
AUS,2015,23815995,1245403.146,53635.8414091431,1751,,34462,22.0077027,1.8774454842917
AUS,2016,24190907,1273996.692,53724.0891622131,1739,14.6,34729,21.8377969,
AUS,2017,24601860,1310572.786,53437.0587542119,1738,,34976,22.9206394,1.78852728610378
AUS,2018,24982688,1338267.148,53514.8272246821,1733,13.7,35386,23.1457279,
AUS,2019,25365745,1338215.804,54020.7914912353,1722,,36510,22.365723,
AUT,1990,7677850,240629.05,42551.7590367744,,46.799999,,19.7735912,1.35049262497982
AUT,1991,7754891,248910.606,43881.8669702909,,45.5,,19.9368325,1.42731437094813
AUT,1992,7840709,254121.611,44765.9262872876,,44.5,,20.8473747,1.41444162272791
AUT,1993,7905632,255460.347,45130.9157654398,,44,,21.0063844,1.43126594165034
AUT,1994,7936118,261596.808,45585.6229416628,,41.5,,20.734915,1.50971321529818
AUT,1995,7948278,268576.168,45952.8670777328,1653,41.099998,,26.6825965,1.52975432983926
AUT,1996,7959016,274886.456,45628.6027110581,1683,40.099998,,28.0871846,1.58076919537147
AUT,1997,7968041,280641.478,45227.5798086875,1691,38.900002,,28.9471157,1.65491086019058
AUT,1998,7976789,290692.444,46686.6362023384,1671,38.400002,,29.0397978,1.73154759330961
AUT,1999,7992323,301030.43,47726.933898762,1675,37.900002,,28.7605831,1.84537125182573
AUT,2000,8011566,311192.381,47860.0986214107,1675,36.900002,,28.3370522,1.88602424420832
AUT,2001,8042293,315135.712,47714.711314757,1663,36.200001,,30.1982217,1.99210448081461
AUT,2002,8082121,320340.348,48453.1637884007,1661,36,,29.1713731,2.06598383788809
AUT,2003,8118245,323356.259,48581.8194610465,1652,34.599998,,28.8241717,2.17455641590277
AUT,2004,8169441,332200.442,49484.4436736349,1655,34.799999,31291,28.4584649,2.16611664552492
AUT,2005,8225278,339655.237,49763.891701897,1632,33.799999,32271,27.5632451,2.37323990476357
AUT,2006,8267948,351387.071,50524.506564447,1617,31.6,33010,27.0677385,2.35922709819809
AUT,2007,8295189,364484.726,50814.3254362109,1606,30.4,33684,27.3664245,2.41843231712657
AUT,2008,8321541,369807.747,51677.7103028473,1599,29.6,33995,28.0430105,2.5694481629698
AUT,2009,8341483,355886.046,52578.2720365933,1558,29.299999,33903,27.1964625,2.59673677655242
AUT,2010,8361069,362424.006,52334.2945796686,1552,28.9,33591,27.2571887,2.72610057349756
AUT,2011,8388534,373016.925,51755.1160926445,1557,28.299999,33369,27.4119882,2.66867789645755
AUT,2012,8426311,375555.102,52070.6677358327,1535,28,33682,27.9411226,2.91471878002482
AUT,2013,8477230,375650.886,52128.1355266082,1520,27.799999,33017,28.4927784,2.95491836935052
AUT,2014,8543932,378134.963,52309.6551884715,1510,27.700001,33032,28.5098416,3.08428672143724
AUT,2015,8629519,381971.149,52686.0439604668,1495,27.4,32689,28.932642,3.04969049949657
AUT,2016,8739806,389570.225,53169.9778598907,1507,26.9,33114,27.5386823,3.1165470454446
AUT,2017,8795073,398368.95,53136.3529599885,1498,26.700001,33412,27.538218,3.05673430582871
AUT,2018,8837707,408334.528,53325.4860218118,1502,26.299999,33661,27.5089969,3.09108147668676
AUT,2019,8877637,414423.657,53690.0313784628,1509,26.299999,34088,27.6450013,3.12927705163158
BEL,1990,9967378,293456.205,43271.9619113889,1662.9,50.599998,,24.9914137,
BEL,1991,10004486,298835.475,45174.1667647885,1625.8,51.700001,,24.5820985,1.55895443854328
BEL,1992,10045165,303409.615,46624.4713756495,1602.7,51,,24.0423606,
BEL,1993,10084479,300491.199,47603.7793088088,1558.6,52.599998,,25.1973559,1.63679843977686
BEL,1994,10115601,310187.965,48527.8309553806,1558.6,53.400002,,25.5248841,1.62722728413134
BEL,1995,10136814,317585.195,48363.4964937424,1578,55.700001,,25.7545403,1.64728531311123
BEL,1996,10156641,321781.927,48971.4639416815,1575,55.900002,,26.0809447,1.74298579592519
BEL,1997,10181246,333989.232,49593.7397022466,1582,56.200001,,26.41736,1.80971431132768
BEL,1998,10203012,340541.46,49621.631242538,1574,56.5,,26.9933257,1.83825100209007
BEL,1999,10226419,352605.97,52390.4274061264,1575,56.200001,,26.828007,1.90564580566189
BEL,2000,10251247,365711.204,51921.816962016,1589,56.599998,,27.0851373,1.93619516589671
BEL,2001,10286571,369732.633,52081.9379392926,1581,57.599998,,26.5621377,2.0327916505539
BEL,2002,10332783,376043.543,53422.8940119239,1594,56.900002,,25.4265324,1.90324791270747
BEL,2003,10376130,379946.809,53743.6339194443,1598,55.400002,,24.9240932,1.84119500416429
BEL,2004,10421133,393515.486,53463.2312244709,1588,55.299999,29690,25.2861249,1.82050497301897
BEL,2005,10478617,402651.881,52969.1503587303,1578,54.900002,29802,25.2794822,1.79060640173966
BEL,2006,10547956,412928.966,53327.4499316515,1592,53.799999,30279,25.1127551,1.82269277552156
BEL,2007,10625701,428111.873,53224.860382965,1594,53.599998,30774,24.6951783,1.84999463067951
BEL,2008,10709976,430025.228,53452.9296076202,1582,53.400002,31216,25.1030937,1.93683938647268
BEL,2009,10796498,421335.523,54193.8290817752,1563,53.799999,31278,23.5880566,1.99859844697766
BEL,2010,10895589,433403.806,53969.0247192277,1574,53,30822,24.1765644,2.06187639426216
BEL,2011,10993616,440747.893,54520.1406100755,1590,54.200001,30516,24.5037474,2.17332441767619
BEL,2012,11067748,444005.978,54950.8724902214,1587,54.099998,30587,25.2772126,2.28114063401875
BEL,2013,11125033,446045.041,55503.3675184005,1586,53.299999,30551,25.6606852,2.330725157809
BEL,2014,11179778,453086.01,55808.7979316441,1582,52.900002,30619,25.6809063,2.37001632492836
BEL,2015,11238474,462335.575,55427.2863649154,1575,52.299999,30683,23.980169,2.42816558811658
BEL,2016,11295003,468191.917,55525.9899435912,1574,51.599998,31011,21.9372064,2.52337710682044
BEL,2017,11349081,475774.661,55130.1819736769,1578,50.700001,31410,22.5121846,2.66666179830091
BEL,2018,11403740,484429.971,55387.6952980387,1580,50,31625,23.0264303,2.85819170271918
BEL,2019,11462023,494843.082,56021.805353764,1576,49.099998,32216,21.6766427,3.17205857284532
FRA,1990,56708826,1661090.956,34779.553800201,1645,10.7,,18.9929174,2.27415207138559
FRA,1991,58425681,1678502.11,35182.9108112945,1638,10.4,,19.2002053,2.27747064032866
FRA,1992,58711615,1705347.111,35576.979010678,1635,10.4,,18.3290201,2.2830885181298
FRA,1993,58961049,1694626.167,35989.3764923616,1627,10,,17.837826,2.31881228873699
FRA,1994,59175335,1734591.251,36137.6494858234,1623,,,17.8650729,2.26842574739356
FRA,1995,59383991,1771133.802,36676.7956154132,1601,,,18.0449128,2.24107915089639
FRA,1996,59589289,1796159.811,36779.1987687957,1597,10.8,,18.6031083,2.22279940196412
FRA,1997,59795263,1838123.43,37192.511516323,1596,10.5,,18.769579,2.14698921561878
FRA,1998,60011008,1904087.42,37763.6773965466,1585,10.5,,18.6261073,2.0947576357205
FRA,1999,60315406,1969233.368,38596.8540006405,1578,10.8,,19.1292856,2.10766738341712
FRA,2000,60724780,2046499.571,38782.1155835131,1558,10.8,,18.2812419,2.09346097789441
FRA,2001,61163237,2087096.421,39027.4067529322,1538,10.8,,17.8545313,2.13804251722793
FRA,2002,61604550,2110796.058,40080.973866655,1504,10.8,,17.1350504,2.17449451420776
FRA,2003,62037544,2128171.303,40405.5055288181,1507,10.8,,16.6887456,2.11993720847801
FRA,2004,62490800,2188393.293,41068.0709646522,1531,10.5,28378,17.5949799,2.09461284410561
FRA,2005,62958328,2224791.088,41561.9605502097,1532,10.5,28511,17.0638228,2.05150582335969
FRA,2006,63393406,2279283.421,42027.7128210275,1515,,29026,16.2473737,2.05093799153857
FRA,2007,63781275,2334550.032,42184.5668291047,1537,,29690,15.5263032,2.02451299604401
FRA,2008,64133174,2340501.873,42102.2967323037,1543,10.6,29681,14.9232576,2.06116919463155
FRA,2009,64458715,2273251.909,43441.63850086,1531,,30066,13.1591668,2.21206518000725
FRA,2010,64773169,2317567.537,44324.9511611263,1540,10.8,30449,15.0146169,2.17857321921787
FRA,2011,65087317,2368384.855,44255.6792311367,1546,,30405,14.4393449,2.19161452586975
FRA,2012,65402998,2375801.091,44552.4695964852,1541,,30279,14.8294431,2.22706582331325
FRA,2013,65735961,2389493.467,44926.6938878833,1526,11,29946,15.4376865,2.23702513096375
FRA,2014,66276671,2412341.398,45236.7715370061,1518,,30207,15.1654251,2.2759166699616
FRA,2015,66512558,2439188.643,45679.6770089977,1519,,30383,15.1223235,2.26703077466121
FRA,2016,66688563,2465909.086,46214.2570421327,1522,10.8,30783,15.1467082,2.22238389099287
FRA,2017,66883314,2522413.42,46852.3529811014,1508,,31157,15.7359564,2.20348278500916
FRA,2018,67068133,2569458.097,46866.5200153424,1514,,31403,15.4068072,2.19342961085022
FRA,2019,67215667,2616812.486,47112.3891580859,1511,,31925,14.6289744,2.19625416803582
DEU,1990,79433034,2342139.256,,,31.200001,,11.0153842,2.60587943582208
DEU,1991,80013901,2461781.854,40190.8651370532,1554.1,36,,11.2457453,2.38665657712196
DEU,1992,80624601,2509123.804,42561.7646308136,1565.1,33.900002,,11.6006897,2.27303902582753
DEU,1993,81156368,2484613.432,42844.2547655193,1540.2,31.799999,,11.2420028,2.20596853931429
DEU,1994,81438346,2544042.704,42937.8809719562,1536.6,30.4,,11.4854341,2.12630002918751
DEU,1995,81678046,2583326.45,43852.9365835218,1530.6,29.200001,,11.4134394,2.13519811465156
DEU,1996,81914834,2604143.486,44362.984969703,1516.8,27.799999,,10.6016866,2.14461147716745
DEU,1997,82034775,2650813.925,44181.0579403052,1507.7,27,,10.3366134,2.18832129107921
DEU,1998,82047197,2704199.536,44722.7416990888,1504.5,25.9,,10.4172148,2.21612930769154
DEU,1999,82100243,2755234.844,45326.9059987319,1491.5,25.299999,,10.9845778,2.34779235535184
DEU,2000,82211501,2835481.14,45583.7242601558,1465.9,24.6,,11.1345233,2.40981736199024
DEU,2001,82349926,2883158.862,45929.7420664934,1458.2,23.700001,,10.7314881,2.40437243963287
DEU,2002,82488493,2877450.961,46206.9408845997,1448.9,23.5,,10.570351,2.4362209979437
DEU,2003,82534175,2857305.447,46361.3964338503,1443.4,23,,10.6818685,2.47461387159348
DEU,2004,82516268,2890881.304,46363.3180368231,1442.6,22.200001,29902,10.1498771,2.43518832982692
DEU,2005,82469421,2912034.09,46553.2012381216,1432.4,21.5,30161,10.3722398,2.44192827894822
DEU,2006,82376447,3023170.179,46546.4614941587,1453.2,20.6,30533,10.6343603,2.47231547788753
DEU,2007,82266373,3113153.483,46415.4101855891,1454.1,19.799999,30653,11.1260427,2.46048056650197
DEU,2008,82110097,3143035.994,46632.7284690971,1447.3,19,30991,11.2656637,2.61513302624397
DEU,2009,81902308,2964076.669,46645.9630877211,1405,18.799999,31000,11.4185949,2.74266255882702
DEU,2010,81776936,3087971.591,47054.1004687921,1425.7,18.9,31336,11.0415692,2.73023738816097
DEU,2011,80274981,3209180.426,48025.5752898189,1426.9,18.4,31849,11.3541558,2.80554628346872
DEU,2012,80425826,3222610.769,48682.5488749339,1408,18.299999,32064,11.5230703,2.88165555073926
DEU,2013,80645605,3236712.633,49158.7072422073,1396.5,18,32076,11.5185587,2.83598654738827
DEU,2014,80982495,3308229.205,50001.0288195043,1400.4,17.700001,32483,11.4066946,2.87784049490509
DEU,2015,81686608,3357585.719,51171.5310086437,1401,17.6,32985,11.3491597,2.93379174404695
DEU,2016,82348669,3432459.876,51901.8195564621,1395.6,17,33746,11.2169749,2.94038918698201
DEU,2017,82657000,3524457.734,52454.1460775367,1389.1,16.700001,34170,11.1535707,3.05392305191021
DEU,2018,82905788,3562734.209,53220.549493405,1386.9,16.6,34800,11.3698313,3.11848209843255
DEU,2019,83092958,3600339.162,54041.3564696298,1382.8,16.299999,35102,11.3318842,3.19002073034604
ITA,1990,56719239,1559247.756,38893.4280472174,,39,,23.1042457,1.20124646906217
ITA,1991,56758522,1583235.965,39220.176451678,,38.900002,,23.3869385,1.14211049344184
ITA,1992,56797078,1596444.515,39182.2070009401,,39,,25.3888941,1.10373678208253
ITA,1993,56831823,1582829.944,38578.6716734558,,38.700001,,25.9979996,1.05101893550928
ITA,1994,56843400,1616876.99,38079.0988214321,,38.200001,,24.526561,0.98102734821067
ITA,1995,56844301,1663553.589,37245.4432311566,1856.2,37.599998,,24.1298999,0.93356927890827
ITA,1996,56860279,1684627.233,37548.6328972198,1866.2,36.900002,,24.1203371,0.94590337799237
ITA,1997,56890371,1715459.487,38619.2892099363,1859.9,36,,25.0584527,0.98768965062988
ITA,1998,56906744,1746519.856,38744.8195393774,1873.1,35.599998,,23.4253001,1.00486795478375
ITA,1999,56916316,1774913.512,39191.1840278942,1869.9,35.299999,,25.2088119,0.98064969605995
ITA,2000,56942108,1842128.69,39175.2821562418,1850.2,34.799999,,22.615794,1.00363838345941
ITA,2001,56976976,1878075.466,39448.8254069494,1837.6,34.200001,,22.2503498,1.0407037053168
ITA,2002,57089823,1882844.707,39169.3539542759,1826.2,33.700001,,21.4214474,1.08123708719861
ITA,2003,57399187,1885454.836,39063.4423342791,1815.1,33.599998,,21.3434754,1.05894256887465
ITA,2004,57828178,1912296.061,39818.4196982932,1814.6,34,28767,20.7640332,1.05025135662344
ITA,2005,58166684,1927935.754,40350.1182421924,1811.1,33.799999,28784,20.4311588,1.04435132190569
ITA,2006,58399863,1962458.137,40601.7151894201,1811.9,33.599998,28925,21.8611377,1.08401127645318
ITA,2007,58756247,1991641.322,40585.2957626633,1817.7,34,29113,22.1888883,1.12899124730515
ITA,2008,59211183,1972481.477,40537.8311391993,1806.5,33.900002,28480,21.8239285,1.15972442806049
ITA,2009,59555456,1868315.968,40845.5315456669,1775.2,34.700001,27819,22.3794774,1.21787466447265
ITA,2010,59819402,1900325.748,41193.9435646766,1776.8,35.299999,27312,22.1768708,1.21797001811107
ITA,2011,60026844,1913767.386,40534.4044387933,1772.6,35.200001,27041,22.1551333,1.20154846460586
ITA,2012,60191243,1856719.783,39254.8579837149,1733.6,35.5,25619,23.4397565,1.26219042628946
ITA,2013,60311616,1822536.357,39377.5808340605,1719.1,35.700001,25416,23.5959399,1.30107475343533
ITA,2014,60320708,1822453.476,39530.6734636606,1716.3,35.400002,25541,23.1450043,1.33840482053153
ITA,2015,60229599,1836637.711,39878.4517833871,1717.5,34.200001,25834,22.6542026,1.33850442956345
ITA,2016,60115220,1860393.935,40192.9359760561,1721.7,33.599998,26167,24.5441804,1.36642247716517
ITA,2017,60002254,1891422.684,39933.7782410307,1719.2,33.200001,26462,24.1614142,1.37013409245967
ITA,2018,59877216,1908933.682,39984.835445086,1719.4,32.599998,26749,23.7179032,1.4217237416909
ITA,2019,59729077,1916765.623,40145.0764312802,1714.7,32.5,26840,24.1634111,1.46624895341361
POL,1990,38030500,195408.548,,,63.599998,,,0.85915888148051
POL,1991,38108500,181699.507,,,54.299999,,19.9890467,0.72219773392471
POL,1992,38173500,186269.211,,,44.400002,,21.4555133,0.74263108866805
POL,1993,38221000,193232.532,,1901,46.099998,,23.9193509,0.74226736191362
POL,1994,38252000,203459.948,,1938,38.299999,,22.706222,0.68267020882016
POL,1995,38274500,217604.192,16556.4974837401,1901,34.700001,,22.3691532,0.61809540369791
POL,1996,38289000,230911.527,17865.8579008802,1915,32.099998,,21.6558578,0.63936540425148
POL,1997,38292000,245803.157,18793.7393784113,1910,28.700001,,20.9048532,0.64315265355485
POL,1998,38283500,257209.975,19353.860686407,1887,26.1,,20.1527583,0.65970683722531
POL,1999,38270000,269182.65,21031.6505693126,1827,24.700001,,18.0642818,0.68054793708212
POL,2000,38258477.5,281460.141,21130.9063477895,1869,23.5,,16.9608395,0.64077607641055
POL,2001,38248076,285002.255,22338.1563025665,1855,22.299999,,16.0559556,0.62158690189214
POL,2002,38232301,290804.616,22272.0594165356,1850,22.799999,,16.8407587,0.55674982209122
POL,2003,38195177,300978.114,22539.4934300052,1859,22.9,,16.7213204,0.53806164655221
POL,2004,38180249,315975.328,22041.9676898839,1859,22.9,13883,15.6896809,0.55249702333427
POL,2005,38161313,327056.108,21996.4845110157,1855,23.799999,14040,16.473807,0.56277952207404
POL,2006,38132277,347108.37,22139.2430554731,1850,17.9,14766,17.155104,0.55102199206868
POL,2007,38115967,371619.578,22849.7029460017,1850,16.700001,15433,18.0865308,0.56193305645099
POL,2008,38115909,387227.484,24069.8666402046,1846,15.7,16100,18.2673691,0.59943791513654
POL,2009,38153389,398194.455,24006.8531436516,1834,15.4,16914,16.0518941,0.66105938302874
POL,2010,38516689,413089.004,24687.9147398017,1831,17.4,17359,16.4776576,0.71992557594323
POL,2011,38525670,432742.274,24657.947290003,1822,17.299999,17417,16.6556674,0.74663424588133
POL,2012,38533789,438475.66,24406.4036465033,1822,16.6,17534,15.9934263,0.88410303540256
POL,2013,38502396,443411.858,24671.2251179612,1817,,17802,15.5890119,0.87590877402649
POL,2014,38483957,458392.89,25197.7378991008,1822,16.5,18377,15.6175274,0.94482142815402
POL,2015,38454576,477811.911,25854.4755586001,1862,,19120,15.6868646,1.00275274386046
POL,2016,38426809,492823.451,27144.6525145949,1831,14.1,20109,16.2305398,0.96287229264277
POL,2017,38422346,516630.057,28294.2608185384,1808,13.4,20875,16.7944578,1.03418122608156
POL,2018,38413139,544288.898,30212.1776262265,1785,,21489,17.3956838,1.20891476299224
POL,2019,38386476,570115.135,31958.8646972613,1781,,22695,17.3008971,1.3206354965269
ESP,1990,38860827,737315.956,35714.9885639942,1762.9,14.1,,16.3343924,0.77861812875855
ESP,1991,38941622,756088.025,36857.2126280692,1772,16.6,,16.5002813,0.79932364365871
ESP,1992,39147940,763113.711,38219.1466425834,1763.9,18.9,,16.8171767,0.83589814279371
ESP,1993,39356082,755242.256,38827.6303535086,1755.8,20.4,,15.7317505,0.8341136211501
ESP,1994,39547353,773241.154,39235.3541793084,1754.8,20.1,,15.8197267,0.7712562288412
ESP,1995,39718895,794563.233,38456.0652072193,1754.8,18.6,,15.9939034,0.77077739372281
ESP,1996,39884246,815702.782,38976.5421959654,1749.7,18.200001,,16.033017,0.7875327083031
ESP,1997,40049974,845904.832,39017.0170924806,1749.7,17.6,,15.8099478,0.77780654854526
ESP,1998,40214066,883065.748,39225.5332917929,1753.8,18.200001,,16.2478664,0.84803508072943
ESP,1999,40369667,922719.738,39206.2238299561,1753.8,17.799999,,16.2823997,0.83853703818721
ESP,2000,40554387,971125.567,38349.3178003556,1752.8,17.5,,16.1679152,0.8827628575089
ESP,2001,40766049,1009319.439,38149.0804357446,1762.1,17.200001,,15.9600738,0.88833369234786
ESP,2002,41423520,1036884.177,38339.7910496485,1763.6,16.799999,,15.0972848,0.95971166776955
ESP,2003,42196231,1067802.973,38146.7822547178,1754.6,16.5,,14.6305589,1.0237297853829
ESP,2004,42859172,1101148.273,37660.4683534974,1739.9,16,24582,14.9563028,1.04088618479307
ESP,2005,43662613,1141362.568,37825.0180076595,1723.7,15.5,25041,15.7693316,1.09956262798469
ESP,2006,44360521,1188189.559,37646.3859191017,1713.7,15.6,25217,16.145177,1.17702203476111
ESP,2007,45236004,1231020.085,38053.4313380871,1701.3,16.4,25298,16.6823332,1.24052875813894
ESP,2008,45983169,1241941.021,39398.4459845668,1710.1,17.4,25481,13.064862,1.32499772428419
ESP,2009,46367550,1195203.9,41882.8217124587,1715.8,18.299999,25559,10.4898146,1.36363621655945
ESP,2010,46562483,1197152.204,41485.9217785613,1705.8,18.200001,25138,12.6685802,1.35996388582551
ESP,2011,46736257,1187402.915,40743.4977284177,1710.7,17.9,24695,12.1642697,1.33340740371681
ESP,2012,46766403,1152262.422,39605.7231631446,1696.7,17.799999,23047,12.0394841,1.29877022477958
ESP,2013,46593236,1135722.914,39607.5491422686,1689.8,17,22836,13.8705618,1.27523139164285
ESP,2014,46455123,1151440.273,39484.1401956281,1690.6,15.8,22852,14.4139754,1.24213118534178
ESP,2015,46410149,1195599.996,40072.2009864528,1694.2,14.4,23769,14.4797186,1.22235729730231
ESP,2016,46449874,1231842.234,39844.8654865722,1701.5,13.9,24335,14.0390002,1.19047619047619
ESP,2017,46532869,1268472.802,39325.9436907519,1692.4,13.4,24688,13.9386866,1.21041772423178
ESP,2018,46728814,1297505.426,39032.6393520738,1698.9,13,,14.4470974,1.24111369734131
ESP,2019,47105358,1324560.898,39054.6761544944,1687.7,12.5,,13.9547162,1.25099214956635
SWE,1990,8558834,295881.543,28839.1880082533,1423,81.5,,24.7688877,
SWE,1991,8617376,292490.815,27466.0093753859,1410,82.300003,,22.2329342,2.51808959565674
SWE,1992,8668065,289102.037,28326.6692620211,1427,84.300003,,19.9535059,
SWE,1993,8718558,283130.298,27955.5176121195,1443,86.300003,,19.3668058,2.95680062938122
SWE,1994,8780741,294257.242,28635.7405132597,1477,86.599998,,19.9391927,
SWE,1995,8826944,305836.832,28696.1256416967,1483,84.800003,,21.1414783,3.09543925784559
SWE,1996,8840999,310667.392,30409.9751730569,1493,84.699997,,22.0725054,
SWE,1997,8846059,320206.516,31605.1888243566,1498,84,,23.4536351,3.27394392236682
SWE,1998,8850975,334013.297,32653.3016999684,1497,83.900002,,28.6302461,
SWE,1999,8857879,348199.457,33329.4125656562,1506,82.699997,,29.868836,3.38131723908299
SWE,2000,8872112,364795.858,34388.9484187077,1486,81,,30.6405908,
SWE,2001,8895963,370083.569,34796.8879758431,1465,78.699997,,27.1554587,3.873802776736
SWE,2002,8924960,378214.013,35251.8533426745,1445,78,,25.047915,
SWE,2003,8958232,386950.04,35555.7494602559,1432,77.199997,,25.2028048,3.57947750939413
SWE,2004,8993534,403731.507,36723.844979794,1454,76.400002,25090,25.771091,3.36128901410999
SWE,2005,9029567,415273.396,37649.7667406336,1453,75.699997,25604,27.132662,3.35957503791258
SWE,2006,9080506,434636.654,38701.2384294153,1451,74.300003,26539,26.0831565,3.47499572344016
SWE,2007,9148093,449584.773,40054.091743044,1463,70.800003,27494,25.21759,3.23382560135025
SWE,2008,9219639,447559.127,40860.7815199667,1472,68.300003,28000,23.4680309,3.46999475126844
SWE,2009,9298512,428135.998,41016.9656550011,1459,68.400002,28235,22.484921,3.39528075070776
SWE,2010,9378131,453619.111,41533.8891289532,1484,68.199997,28732,22.560027,3.16788677799664
SWE,2011,9449216,468113.753,42160.8183463129,1484,67.5,29311,21.7512128,3.18701790952291
SWE,2012,9519379,465359.819,43079.8807886723,1472,67.5,29981,21.2054528,3.23024905118397
SWE,2013,9600374,470887.25,43552.2269056241,1464,67.699997,30221,21.3084969,3.26041660399234
SWE,2014,9696105,483402.483,44066.0424889516,1465,67.300003,30484,21.1975689,3.1018375898195
SWE,2015,9799183,505103.781,44719.090412452,1466,67,30990,21.9258917,3.21903451966567
SWE,2016,9923086,515562.426,45423.0343565982,1478,66.699997,31787,23.1203523,3.24736111705671
SWE,2017,10057695,528801.68,45680.5134360005,1466,66.099998,31775,23.1571381,3.3627857077067
SWE,2018,10175215,539113.433,45916.5839424171,1466,65.5,31863,22.9072848,3.32106125833781
SWE,2019,10278888,549821.282,46417.9753348127,1452,65.199997,32045,22.2337286,3.38758231066542
USA,1990,249622814,9811054.837,46974.593827949,1833,15.5,,10.6011191,2.55550923120421
USA,1991,252980941,9800432.919,47293.4127192582,1823,15.5,,10.1997863,2.62072776877522
USA,1992,256514224,10145647.34,48389.432518019,1822,15.2,,10.0716574,2.54334998643473
USA,1993,259918588,10424833.341,48111.5691040974,1828,15.2,,10.3836826,2.42246952297122
USA,1994,263125821,10844828.324,47926.5702979932,1839,14.9,,10.6840399,2.32752905367687
USA,1995,266278393,11135927.079,48205.5663224452,1839,14.3,,11.0035705,2.4094638734859
USA,1996,269394284,11556037.222,48904.4253957518,1840,14,,11.5747885,2.45000818171706
USA,1997,272646925,12069954.414,50119.1140747133,1843,13.6,,12.0740137,2.47983094687156
USA,1998,275854104,12610856.679,52182.1733087712,1842,13.4,,12.3627896,2.50401172174171
USA,1999,279040168,13215484.082,53548.6332092189,1839,13.4,,12.4938813,2.54964793181944
USA,2000,282162411,13754300.444,55365.7025952572,1832,12.9,,12.8439979,2.62879319242706
USA,2001,284968955,13885563.06,55834.5992657734,1811,12.9,,11.8577045,2.64829629528828
USA,2002,287625193,14121054.284,56274.6593658597,1806,12.8,,9.8680161,2.55925660485911
USA,2003,290107933,14515908.489,56965.5637217267,1796,12.4,,9.3906923,2.56454609195858
USA,2004,292805298,15075141.499,58023.4299368342,1798,12,39640,9.5374714,2.50242964270538
USA,2005,295516599,15600241.891,58092.3516733398,1794,12,39773,10.6817333,2.51696814140027
USA,2006,298379912,16034367.08,59013.8598788514,1796,11.5,40798,11.3104785,2.55764024881196
USA,2007,301231207,16356739.241,60187.9847451486,1795,11.6,41227,11.2899134,2.6316058970956
USA,2008,304093966,16376725.286,59986.2658883191,1786,11.9,41351,10.276189,2.76790790632267
USA,2009,306771529,15950948.713,60471.1085097494,1761,11.8,41148,7.9035164,2.81269923617884
USA,2010,309327143,16383037.055,61047.8742268296,1772,11.4,41543,8.563223,2.73540273206096
USA,2011,311583481,16636956.919,61131.6800040717,1778,11.3,42126,9.5389294,2.76525483346332
USA,2012,313877662,17016393.933,61634.2010319128,1782,10.8,43165,9.7639172,2.6816621120186
USA,2013,316059947,17329814.706,61346.9094055764,1780,10.8,42379,10.4835066,2.71154030500479
USA,2014,318386329,17726282.036,62263.4103581447,1782,10.7,43649,10.9331771,2.72149243195941
USA,2015,320738994,18206020.741,63844.5557683489,1783,10.6,45028,11.2290066,2.71896488603845
USA,2016,323071755,18509601.053,63941.8570447087,1778,10.3,,10.9138621,2.78820970308201
USA,2017,325122128,18927118.511,64618.4522648294,1778,10.3,,11.7489287,2.84676646038629
USA,2018,326838199,19479574.015,65302.9401423,1782,10.1,,9.9368288,2.94720598009078
USA,2019,328329953,19925436.115,66382.5055522274,1777,9.8999996,,10.0495431,3.06747570337755
